Society Name,Political System Type,Belief Systems,Legal System Framework,Ownership Model,Cultural Obligations,Xenophobia/Racism,Artistic Expression,Free Press,Education System,Healthcare System,Military,Population,Population Age,Technology Level,Society Challenges,Capital City,City Population
"The Stellar Federation","Democratic federation","Secular humanism","Interstellar law","Cooperative","Cosmic unity","Low","Extraterrestrial artforms","Yes","Interstellar","Universal","Large","500000000","38","Advanced","Navigating hyperspace travel","Nova Prime","10000000"
"The Cybersynth Collective","Digital direct democracy","Techno-spiritualism","Blockchain law","Decentralized","Creative coding","Low","Virtual reality immersion","Yes","Augmented","Universal","Large","1500000000","38","Advanced","Safeguarding digital sovereignty","Neo Tokyo","20000000"
"The Gaia Commune","Eco-anarchism","Earth worship","Natural law","Communal","Harmony with nature","Low","Bioluminescent installations","Yes","Holistic","Universal","Large","150000000","39","Advanced","Preserving ecological balance","Biosphere Prime","13000000"
"The Nexus Alliance","Meritocratic technocracy","Transhumanism","Quantum law","Mixed","Intellectual pursuit","Low","Virtual reality creations","Yes","Advanced","Universal","Medium","500000000","42","Advanced","Navigating the ethical implications of AI","Neo London","12000000"
"The Void Consortium","Corporate oligarchy","Cosmic capitalism","Astro-law","Private","Profit maximization","High","Holographic art installations","No","Privatized","Universal","Large","1400000000","28","Advanced","Maintaining economic dominance in deep space","Nexus City","32000000"
"The Outland Colonists","Colonial administration","Adaptation to alien cultures","Frontier law","Mixed","Self-sufficiency","Medium","Exploratory artforms","Limited","Localized","Basic","Small","500000","30","Emerging","Establishing sustainable settlements","Frontier Outpost","200000"
"The Wilderlands Tribe","Tribal confederation","Animism","Customary law","Communal","Ancestral traditions","Medium","Traditional crafts","Limited","Oral tradition","Basic","Small","200000","25","Emerging","Surviving harsh planetary conditions","Terra Nova","150000"
"The Pioneer Outfit","Corporate governance","Pragmatism","Contract law","Private","Resource extraction","Medium","Functional designs","Limited","Vocational","Basic","Small","100000","35","Emerging","Overcoming scarcity in uncharted territories","Proxima Base","60000"
"The Nomadic Freeholds","Anarchic collective","Freedom of beliefs","Voluntary cooperation","Communal","Self-reliance","Low","Improvised artforms","Limited","Informal learning","Basic","Small","50000","32","Emerging","Navigating uncharted territories","Wandering Haven","15000"
"The Frontier Prospectors","Autocratic rule","Materialism","Dictatorial law","Private","Resource exploitation","High","Functional designs","Limited","Apprenticeship","Basic","Small","30000","28","Emerging","Competing for scarce resources","Prosperity Outpost","20000"
"The Orbital Settlers","Direct democracy","Scientific rationalism","Consensus law","Mixed","Innovation and progress","Low","Futuristic installations","Limited","Self-directed learning","Basic","Small","25000","30","Emerging","Building self-sustaining habitats","Celestial Haven","20000"
"The Isolated Enclave","Monarchical rule","Mysticism","Hereditary law","Private","Cultural preservation","Medium","Symbolic artforms","Limited","Traditional apprenticeships","Basic","Small","20000","40","Emerging","Preserving ancient knowledge","Sanctum City","15000"
"The Neo-Nomads","Decentralized governance","Nomadic traditions","Customary law","Communal","Adaptive survival","Medium","Functional designs","Limited","Experiential learning","Basic","Small","15000","25","Emerging","Surviving in harsh planetary environments","Roaming Outpost","10000"
"The Outpost Syndicate","Plutocratic rule","Pragmatism","Corporate law","Private","Profit maximization","High","Commercialized artforms","Limited","Corporate-sponsored education","Basic","Small","10000","35","Emerging","Establishing trade routes in the frontier","Frontier Station","8000"
"The Frontier Bandits","Anarchic rule","Self-interest","Lawless frontier","Mixed","Exploitation and survival","High","Graffiti and street art","Limited","Informal learning","Basic","Small","5000","28","Emerging","Navigating rival factions in the frontier","Lawless Outpost","4500"
"The Galactican Assembly","Direct democracy","Secular humanism","Consensus law","Cooperative","Intergalactic unity","Low","Celestial artforms","Yes","Interstellar","Universal","Large","500000000","38","Advanced","Navigating cosmic threats","Luna Prime","10000000"
"The Novaris Collective","Technocratic governance","Scientific rationalism","Quantum law","Mixed","Innovation and progress","Low","Astro-synthetic creations","Yes","Augmented","Universal","Large","1500000000","38","Advanced","Ensuring interstellar prosperity","Celestia","20000000"
"The Astral Conclave","Anarchic confederation","Cosmic spirituality","Interplanetary law","Communal","Celestial harmony","Medium","Stellar art installations","Limited","Celestial academy","Basic","Small","100000000","39","Emerging","Preserving interstellar balance","Aurora City","13000000"
"The Andromeda Accord","Representative democracy","Interstellar diplomacy","Democratic law","Private","Intergalactic cooperation","Low","Extraterrestrial expressions","Yes","Interstellar","Universal","Medium","500000000","42","Advanced","Maintaining intergalactic harmony","Nexus Prime","12000000"
"The Helios Syndicate","Corporate governance","Futuristic capitalism","Astro-law","Private","Profit maximization","High","Holo-sculptures and installations","No","Privatized","Universal","Large","1400000000","28","Advanced","Dominating interstellar trade","Cosmoport","32000000"
"The Kepler Commune","Communal governance","Environmentalism","Planetary law","Communal","Ecological balance","Low","Bio-techno fusion artforms","Limited","Eco-centric education","Basic","Small","50000000","30","Emerging","Establishing sustainable habitats","Verdantis","2000000"
"The Nova Frontier","Independent federation","Exploration and discovery","Frontier law","Mixed","Frontier spirit","Medium","Pioneering art installations","Limited","Frontier education","Basic","Small","20000000","25","Emerging","Uncovering new frontiers","Prospecta","1500000"
"The Arcadia Outpost","Plutocratic rule","Transcendentalism","Corporate law","Private","Profit maximization","Medium","Metaphysical artforms","Limited","Elite academies","Basic","Small","10000000","35","Emerging","Expanding corporate influence","Cosmopolis","1000000"
"The Orion Expedition","Scientific autocracy","Rationalism","Scientific law","Mixed","Quest for knowledge","Medium","Techno-experimental creations","Limited","Scientific research","Basic","Small","5000000","32","Emerging","Exploring uncharted realms","Astrobase","500000"
"The Interstellar Union","Democratic federation","Multiculturalism","Democratic law","Mixed","Unity in diversity","Medium","Cosmic expressions","Yes","Interstellar","Universal","Medium","3000000","28","Emerging","Fostering interstellar cooperation","Starhaven","300000"